{"index": {"_index": "restindex", "_id": "0kFP2UiYHoJHx6d9w1ZNhg"}}
{"id": "0kFP2UiYHoJHx6d9w1ZNhg", "cuisine_type": "mexican"}
{"index": {"_index": "restindex", "_id": "1y900NbcusWxwVb01RSdcg"}}
{"id": "1y900NbcusWxwVb01RSdcg", "cuisine_type": "mexican"}
{"index": {"_index": "restindex", "_id": "8Gg_SoA5TA7pLNB-xuPhPw"}}
{"id": "8Gg_SoA5TA7pLNB-xuPhPw", "cuisine_type": "mexican"}
{"index": {"_index": "restindex", "_id": "xlv_CcDXH1hkG4Wq5mECkQ"}}
{"id": "xlv_CcDXH1hkG4Wq5mECkQ", "cuisine_type": "mexican"}
{"index": {"_index": "restindex", "_id": "yKPRuBvD3ScCc18QrZ4Y6w"}}
{"id": "yKPRuBvD3ScCc18QrZ4Y6w", "cuisine_type": "mexican"}
{"index": {"_index": "restindex", "_id": "PqqnNrUtU7XTKQvUM4cyqQ"}}
{"id": "PqqnNrUtU7XTKQvUM4cyqQ", "cuisine_type": "mexican"}
{"index": {"_index": "restindex", "_id": "FkA9aoMhWO4XKFMTuTnl4Q"}}
{"id": "FkA9aoMhWO4XKFMTuTnl4Q", "cuisine_type": "mexican"}
{"index": {"_index": "restindex", "_id": "X8Tg6XHKERw-vdWRU4oH3Q"}}
{"id": "X8Tg6XHKERw-vdWRU4oH3Q", "cuisine_type": "mexican"}
{"index": {"_index": "restindex", "_id": "hAPJ5u7-gg358T2Y8mT91Q"}}
{"id": "hAPJ5u7-gg358T2Y8mT91Q", "cuisine_type": "mexican"}
{"index": {"_index": "restindex", "_id": "4wVaJsvTuBTXAMzkhjwccg"}}
{"id": "4wVaJsvTuBTXAMzkhjwccg", "cuisine_type": "mexican"}
{"index": {"_index": "restindex", "_id": "wAmWk6hQaHjREDVe8z2otA"}}
{"id": "wAmWk6hQaHjREDVe8z2otA", "cuisine_type": "mexican"}
{"index": {"_index": "restindex", "_id": "023ivwWL8ruoHsr3-AaGFA"}}
{"id": "023ivwWL8ruoHsr3-AaGFA", "cuisine_type": "mexican"}
{"index": {"_index": "restindex", "_id": "GuqvwAFpjjz3m3vicbJBTQ"}}
{"id": "GuqvwAFpjjz3m3vicbJBTQ", "cuisine_type": "mexican"}
{"index": {"_index": "restindex", "_id": "10tnq8x2qI7ix7VqVP0rMw"}}
{"id": "10tnq8x2qI7ix7VqVP0rMw", "cuisine_type": "mexican"}
{"index": {"_index": "restindex", "_id": "yCa3NOjGUKXBhkAeXpbQ5w"}}
{"id": "yCa3NOjGUKXBhkAeXpbQ5w", "cuisine_type": "mexican"}
{"index": {"_index": "restindex", "_id": "MOZ5R0tqNmO2InOd3eDw5g"}}
{"id": "MOZ5R0tqNmO2InOd3eDw5g", "cuisine_type": "mexican"}
{"index": {"_index": "restindex", "_id": "xXALPj_reG2ynK23XxaYVA"}}
{"id": "xXALPj_reG2ynK23XxaYVA", "cuisine_type": "mexican"}
{"index": {"_index": "restindex", "_id": "SH3ZyDP30_WTsU4gXaAgHw"}}
{"id": "SH3ZyDP30_WTsU4gXaAgHw", "cuisine_type": "mexican"}
{"index": {"_index": "restindex", "_id": "0oRYwB_SLqjHptvUQwwe2w"}}
{"id": "0oRYwB_SLqjHptvUQwwe2w", "cuisine_type": "mexican"}
{"index": {"_index": "restindex", "_id": "tK_4ECZ0EPIhW8588hfn5g"}}
{"id": "tK_4ECZ0EPIhW8588hfn5g", "cuisine_type": "mexican"}
{"index": {"_index": "restindex", "_id": "jy6AHLVJ7cVJZ4Fl_ds3Qg"}}
{"id": "jy6AHLVJ7cVJZ4Fl_ds3Qg", "cuisine_type": "mexican"}
{"index": {"_index": "restindex", "_id": "rCmhjpAgxRlj1jGwjT6yGw"}}
{"id": "rCmhjpAgxRlj1jGwjT6yGw", "cuisine_type": "mexican"}
{"index": {"_index": "restindex", "_id": "emL5uzqKWWqUIsew5R9nnA"}}
{"id": "emL5uzqKWWqUIsew5R9nnA", "cuisine_type": "mexican"}
{"index": {"_index": "restindex", "_id": "b_3yI7FXcIle71lD9Tulww"}}
{"id": "b_3yI7FXcIle71lD9Tulww", "cuisine_type": "mexican"}
{"index": {"_index": "restindex", "_id": "8CTaeOtqr461Ah5yWcnCPw"}}
{"id": "8CTaeOtqr461Ah5yWcnCPw", "cuisine_type": "mexican"}
{"index": {"_index": "restindex", "_id": "HKBJGt04_ZSdiIWA_6J8kQ"}}
{"id": "HKBJGt04_ZSdiIWA_6J8kQ", "cuisine_type": "mexican"}
{"index": {"_index": "restindex", "_id": "KyOtOluTH8c8SICpf85thg"}}
{"id": "KyOtOluTH8c8SICpf85thg", "cuisine_type": "mexican"}
{"index": {"_index": "restindex", "_id": "uSS5cbcb_KLoXE5yzwjI6w"}}
{"id": "uSS5cbcb_KLoXE5yzwjI6w", "cuisine_type": "mexican"}
{"index": {"_index": "restindex", "_id": "-Qn5nXGhxWHNePA0dYmPSg"}}
{"id": "-Qn5nXGhxWHNePA0dYmPSg", "cuisine_type": "mexican"}
{"index": {"_index": "restindex", "_id": "k5BZq7XdRFr4xMbZMMGxxg"}}
{"id": "k5BZq7XdRFr4xMbZMMGxxg", "cuisine_type": "mexican"}
{"index": {"_index": "restindex", "_id": "aTBxCoZDOnqAXPDdQmrxMg"}}
{"id": "aTBxCoZDOnqAXPDdQmrxMg", "cuisine_type": "mexican"}
{"index": {"_index": "restindex", "_id": "ve78MsETSSr4f_9yc3wmwA"}}
{"id": "ve78MsETSSr4f_9yc3wmwA", "cuisine_type": "mexican"}
{"index": {"_index": "restindex", "_id": "TM6JJwxRoZ9YXlp9MyGuIw"}}
{"id": "TM6JJwxRoZ9YXlp9MyGuIw", "cuisine_type": "mexican"}
{"index": {"_index": "restindex", "_id": "uwUzZf2IQFVb5puJuNd9rA"}}
{"id": "uwUzZf2IQFVb5puJuNd9rA", "cuisine_type": "mexican"}
{"index": {"_index": "restindex", "_id": "exRan2_MbIQw_FO74qlmkw"}}
{"id": "exRan2_MbIQw_FO74qlmkw", "cuisine_type": "mexican"}
{"index": {"_index": "restindex", "_id": "sBP8072dTkHDHyS8MTaZcQ"}}
{"id": "sBP8072dTkHDHyS8MTaZcQ", "cuisine_type": "mexican"}
{"index": {"_index": "restindex", "_id": "0MqKMvDvmw6s3mnycYLcog"}}
{"id": "0MqKMvDvmw6s3mnycYLcog", "cuisine_type": "mexican"}
{"index": {"_index": "restindex", "_id": "4JHI2ozn3KhUARaxKOlJyw"}}
{"id": "4JHI2ozn3KhUARaxKOlJyw", "cuisine_type": "mexican"}
{"index": {"_index": "restindex", "_id": "EhJO7B2hzHq8NT8iFKoCwg"}}
{"id": "EhJO7B2hzHq8NT8iFKoCwg", "cuisine_type": "mexican"}
{"index": {"_index": "restindex", "_id": "8hPvJcOkU24zS88YGJ-qZA"}}
{"id": "8hPvJcOkU24zS88YGJ-qZA", "cuisine_type": "mexican"}
{"index": {"_index": "restindex", "_id": "nV-LbnEV_2OwXvXRany1sg"}}
{"id": "nV-LbnEV_2OwXvXRany1sg", "cuisine_type": "mexican"}
{"index": {"_index": "restindex", "_id": "w1TO4XzCVh-wESRRGQiiRw"}}
{"id": "w1TO4XzCVh-wESRRGQiiRw", "cuisine_type": "mexican"}
{"index": {"_index": "restindex", "_id": "oLp2RDF7UgS_mjnikme5Gg"}}
{"id": "oLp2RDF7UgS_mjnikme5Gg", "cuisine_type": "mexican"}
{"index": {"_index": "restindex", "_id": "t9zsZdwFdfrhMTj2FIwcDQ"}}
{"id": "t9zsZdwFdfrhMTj2FIwcDQ", "cuisine_type": "mexican"}
{"index": {"_index": "restindex", "_id": "DGa4PysLx10aRnXqRQ4Cng"}}
{"id": "DGa4PysLx10aRnXqRQ4Cng", "cuisine_type": "mexican"}
{"index": {"_index": "restindex", "_id": "ub2VfE7SRLJABAClzGZp3A"}}
{"id": "ub2VfE7SRLJABAClzGZp3A", "cuisine_type": "mexican"}
{"index": {"_index": "restindex", "_id": "-yR4PHWqpkrPopwv4wrC5g"}}
{"id": "-yR4PHWqpkrPopwv4wrC5g", "cuisine_type": "mexican"}
{"index": {"_index": "restindex", "_id": "lb4EbaGjvHarGSptZCW-sQ"}}
{"id": "lb4EbaGjvHarGSptZCW-sQ", "cuisine_type": "mexican"}
{"index": {"_index": "restindex", "_id": "mfJaJSspapkcL2MIsNuUjw"}}
{"id": "mfJaJSspapkcL2MIsNuUjw", "cuisine_type": "mexican"}
{"index": {"_index": "restindex", "_id": "IhSVn0TaX8xXb3wcQ-fgcA"}}
{"id": "IhSVn0TaX8xXb3wcQ-fgcA", "cuisine_type": "chinese"}
{"index": {"_index": "restindex", "_id": "hYFta_EvvUmuWw_WCO_-iA"}}
{"id": "hYFta_EvvUmuWw_WCO_-iA", "cuisine_type": "chinese"}
{"index": {"_index": "restindex", "_id": "RR2EAtBRVzoP8icHrHGDJg"}}
{"id": "RR2EAtBRVzoP8icHrHGDJg", "cuisine_type": "chinese"}
{"index": {"_index": "restindex", "_id": "7FeUdDizBscZueMDaKdjGQ"}}
{"id": "7FeUdDizBscZueMDaKdjGQ", "cuisine_type": "chinese"}
{"index": {"_index": "restindex", "_id": "BtsXojrMtfLRhhFK7rm35A"}}
{"id": "BtsXojrMtfLRhhFK7rm35A", "cuisine_type": "chinese"}
{"index": {"_index": "restindex", "_id": "1fVp9c5Vw04ig171a_juRw"}}
{"id": "1fVp9c5Vw04ig171a_juRw", "cuisine_type": "chinese"}
{"index": {"_index": "restindex", "_id": "rk8V5c1Wr5gVLKOaY0g4VQ"}}
{"id": "rk8V5c1Wr5gVLKOaY0g4VQ", "cuisine_type": "chinese"}
{"index": {"_index": "restindex", "_id": "Pj7vKy-QJBwUokCMji2MZQ"}}
{"id": "Pj7vKy-QJBwUokCMji2MZQ", "cuisine_type": "chinese"}
{"index": {"_index": "restindex", "_id": "Ypz7j5vm0kZ2XqpjGjbHNw"}}
{"id": "Ypz7j5vm0kZ2XqpjGjbHNw", "cuisine_type": "chinese"}
{"index": {"_index": "restindex", "_id": "NebgteFykeM1gwiVgPcCHw"}}
{"id": "NebgteFykeM1gwiVgPcCHw", "cuisine_type": "chinese"}
{"index": {"_index": "restindex", "_id": "XaEFFUabnbH8ZF7ccmSAlQ"}}
{"id": "XaEFFUabnbH8ZF7ccmSAlQ", "cuisine_type": "chinese"}
{"index": {"_index": "restindex", "_id": "XH2CNWlLU2HXROsT5NkCmA"}}
{"id": "XH2CNWlLU2HXROsT5NkCmA", "cuisine_type": "chinese"}
{"index": {"_index": "restindex", "_id": "zEgjnd9lBU1ppfiL1U8_TA"}}
{"id": "zEgjnd9lBU1ppfiL1U8_TA", "cuisine_type": "chinese"}
{"index": {"_index": "restindex", "_id": "gNmF50bsYnpVQCNXoW02mg"}}
{"id": "gNmF50bsYnpVQCNXoW02mg", "cuisine_type": "chinese"}
{"index": {"_index": "restindex", "_id": "9yTwuznxkJo9JZl7KBZ0zw"}}
{"id": "9yTwuznxkJo9JZl7KBZ0zw", "cuisine_type": "chinese"}
{"index": {"_index": "restindex", "_id": "P_a_taGxqxvkzdzp51Bm7A"}}
{"id": "P_a_taGxqxvkzdzp51Bm7A", "cuisine_type": "chinese"}
{"index": {"_index": "restindex", "_id": "HVZ4E2yL-k37oC4ayiubbQ"}}
{"id": "HVZ4E2yL-k37oC4ayiubbQ", "cuisine_type": "chinese"}
{"index": {"_index": "restindex", "_id": "QGXNIWYH0S8dGVDJoPs3OA"}}
{"id": "QGXNIWYH0S8dGVDJoPs3OA", "cuisine_type": "chinese"}
{"index": {"_index": "restindex", "_id": "anayUOcPkiAvijszwOf_Rw"}}
{"id": "anayUOcPkiAvijszwOf_Rw", "cuisine_type": "chinese"}
{"index": {"_index": "restindex", "_id": "cn3JXMq29UfRkFCUD0Bhbw"}}
{"id": "cn3JXMq29UfRkFCUD0Bhbw", "cuisine_type": "chinese"}
{"index": {"_index": "restindex", "_id": "g7LLglNkZODPM6VyIqiEAQ"}}
{"id": "g7LLglNkZODPM6VyIqiEAQ", "cuisine_type": "chinese"}
{"index": {"_index": "restindex", "_id": "KIPrTLyJb0mHpsxuaCByZg"}}
{"id": "KIPrTLyJb0mHpsxuaCByZg", "cuisine_type": "chinese"}
{"index": {"_index": "restindex", "_id": "jCJloBC-UGbJYz02OpJIvw"}}
{"id": "jCJloBC-UGbJYz02OpJIvw", "cuisine_type": "chinese"}
{"index": {"_index": "restindex", "_id": "agCuWjaUJ8xBO_PDDQRiGw"}}
{"id": "agCuWjaUJ8xBO_PDDQRiGw", "cuisine_type": "chinese"}
{"index": {"_index": "restindex", "_id": "oJjMYhA6z1_BVaQpSdyl8g"}}
{"id": "oJjMYhA6z1_BVaQpSdyl8g", "cuisine_type": "chinese"}
{"index": {"_index": "restindex", "_id": "U2aUFZARLeSMf4RQIxjuTw"}}
{"id": "U2aUFZARLeSMf4RQIxjuTw", "cuisine_type": "chinese"}
{"index": {"_index": "restindex", "_id": "C_khPKtuTaelW76GYpeFEg"}}
{"id": "C_khPKtuTaelW76GYpeFEg", "cuisine_type": "chinese"}
{"index": {"_index": "restindex", "_id": "m1sfDqgDiKKyUaXo9DWVeQ"}}
{"id": "m1sfDqgDiKKyUaXo9DWVeQ", "cuisine_type": "chinese"}
{"index": {"_index": "restindex", "_id": "oe8GEFE4QLFAKt87y7zcgA"}}
{"id": "oe8GEFE4QLFAKt87y7zcgA", "cuisine_type": "chinese"}
{"index": {"_index": "restindex", "_id": "nI1UYDCYUTt23TpGxqnLKg"}}
{"id": "nI1UYDCYUTt23TpGxqnLKg", "cuisine_type": "chinese"}
{"index": {"_index": "restindex", "_id": "ItL1MPc-ruJagHTkdshW7w"}}
{"id": "ItL1MPc-ruJagHTkdshW7w", "cuisine_type": "chinese"}
{"index": {"_index": "restindex", "_id": "WThqnTprg2txsVBt7D0Tkg"}}
{"id": "WThqnTprg2txsVBt7D0Tkg", "cuisine_type": "chinese"}
{"index": {"_index": "restindex", "_id": "k8GFfCXO2FIIJIo0ICYSRA"}}
{"id": "k8GFfCXO2FIIJIo0ICYSRA", "cuisine_type": "chinese"}
{"index": {"_index": "restindex", "_id": "wzmeaMTm5cZ1JCjep7iQeA"}}
{"id": "wzmeaMTm5cZ1JCjep7iQeA", "cuisine_type": "chinese"}
{"index": {"_index": "restindex", "_id": "LyiCS2vA5w13skWiDtAvJw"}}
{"id": "LyiCS2vA5w13skWiDtAvJw", "cuisine_type": "chinese"}
{"index": {"_index": "restindex", "_id": "gNlPrIFgZHqO4dUdhbfekw"}}
{"id": "gNlPrIFgZHqO4dUdhbfekw", "cuisine_type": "chinese"}
{"index": {"_index": "restindex", "_id": "kHlYnhMOoMBbe3VCZflpKQ"}}
{"id": "kHlYnhMOoMBbe3VCZflpKQ", "cuisine_type": "chinese"}
{"index": {"_index": "restindex", "_id": "Qgv2vyUV-DwK8YwrhU-jtw"}}
{"id": "Qgv2vyUV-DwK8YwrhU-jtw", "cuisine_type": "chinese"}
{"index": {"_index": "restindex", "_id": "S0CYlCpjRfq13k2qz06DHw"}}
{"id": "S0CYlCpjRfq13k2qz06DHw", "cuisine_type": "chinese"}
{"index": {"_index": "restindex", "_id": "SYFLyQAFRFoDURRWafeLKA"}}
{"id": "SYFLyQAFRFoDURRWafeLKA", "cuisine_type": "chinese"}
{"index": {"_index": "restindex", "_id": "4FD0TAxe70nb3ngk3sXF9Q"}}
{"id": "4FD0TAxe70nb3ngk3sXF9Q", "cuisine_type": "chinese"}
{"index": {"_index": "restindex", "_id": "4-hz17jhnNBsmOaev2Rr8A"}}
{"id": "4-hz17jhnNBsmOaev2Rr8A", "cuisine_type": "chinese"}
{"index": {"_index": "restindex", "_id": "_PdcklnobN5F81P_H2rk1A"}}
{"id": "_PdcklnobN5F81P_H2rk1A", "cuisine_type": "chinese"}
{"index": {"_index": "restindex", "_id": "qI_HCkmN5Hl0ekVgFdHbCw"}}
{"id": "qI_HCkmN5Hl0ekVgFdHbCw", "cuisine_type": "chinese"}
{"index": {"_index": "restindex", "_id": "v5CsUc6pr7foHWsoQ0Y36Q"}}
{"id": "v5CsUc6pr7foHWsoQ0Y36Q", "cuisine_type": "chinese"}
{"index": {"_index": "restindex", "_id": "wdGMVLUzocmnl2tST0lheg"}}
{"id": "wdGMVLUzocmnl2tST0lheg", "cuisine_type": "chinese"}
{"index": {"_index": "restindex", "_id": "KUW8hx5kinOT_XJj3ttCDQ"}}
{"id": "KUW8hx5kinOT_XJj3ttCDQ", "cuisine_type": "chinese"}
{"index": {"_index": "restindex", "_id": "pCeNP_wq7i1Pgl0yCYEgag"}}
{"id": "pCeNP_wq7i1Pgl0yCYEgag", "cuisine_type": "chinese"}
{"index": {"_index": "restindex", "_id": "bKXnm2k44mSdU0fP69lY-g"}}
{"id": "bKXnm2k44mSdU0fP69lY-g", "cuisine_type": "chinese"}
{"index": {"_index": "restindex", "_id": "aSprnLY-6GkMk1cuv0TMeA"}}
{"id": "aSprnLY-6GkMk1cuv0TMeA", "cuisine_type": "italian"}
{"index": {"_index": "restindex", "_id": "fyepvQnhH7O1Bw9V4Xu-OA"}}
{"id": "fyepvQnhH7O1Bw9V4Xu-OA", "cuisine_type": "italian"}
{"index": {"_index": "restindex", "_id": "Ry9w-jFALWYhazi6jjyIKw"}}
{"id": "Ry9w-jFALWYhazi6jjyIKw", "cuisine_type": "italian"}
{"index": {"_index": "restindex", "_id": "pwzLpR9ys1NkE3ppjT88MQ"}}
{"id": "pwzLpR9ys1NkE3ppjT88MQ", "cuisine_type": "italian"}
{"index": {"_index": "restindex", "_id": "xbrQ2dHuQoFJmNxAuOky4A"}}
{"id": "xbrQ2dHuQoFJmNxAuOky4A", "cuisine_type": "italian"}
{"index": {"_index": "restindex", "_id": "opCMbGK-fvGPRSBibPzu3w"}}
{"id": "opCMbGK-fvGPRSBibPzu3w", "cuisine_type": "italian"}
{"index": {"_index": "restindex", "_id": "ktMtLr8mp4K7IGxUgCTs6Q"}}
{"id": "ktMtLr8mp4K7IGxUgCTs6Q", "cuisine_type": "italian"}
{"index": {"_index": "restindex", "_id": "fyC2cBsQ0FsMJmv0jSworg"}}
{"id": "fyC2cBsQ0FsMJmv0jSworg", "cuisine_type": "italian"}
{"index": {"_index": "restindex", "_id": "l3rxoTNZLlzP4S5UWRa5NA"}}
{"id": "l3rxoTNZLlzP4S5UWRa5NA", "cuisine_type": "italian"}
{"index": {"_index": "restindex", "_id": "9T8Ootw4aqmaO42gI-wBSA"}}
{"id": "9T8Ootw4aqmaO42gI-wBSA", "cuisine_type": "italian"}
{"index": {"_index": "restindex", "_id": "Gun7lX-5SYRWzJsNsu-U6g"}}
{"id": "Gun7lX-5SYRWzJsNsu-U6g", "cuisine_type": "italian"}
{"index": {"_index": "restindex", "_id": "jzEaiiRa3497HWdf4QKHIA"}}
{"id": "jzEaiiRa3497HWdf4QKHIA", "cuisine_type": "italian"}
{"index": {"_index": "restindex", "_id": "NnHFtT6Bm8CXsJhBRi75Sg"}}
{"id": "NnHFtT6Bm8CXsJhBRi75Sg", "cuisine_type": "italian"}
{"index": {"_index": "restindex", "_id": "N-gJbfzl24IbMIuqvDBE-Q"}}
{"id": "N-gJbfzl24IbMIuqvDBE-Q", "cuisine_type": "italian"}
{"index": {"_index": "restindex", "_id": "aI39yRQqpTd1VuKqS-lwig"}}
{"id": "aI39yRQqpTd1VuKqS-lwig", "cuisine_type": "italian"}
{"index": {"_index": "restindex", "_id": "d8USIZvTTqee35l34anRBg"}}
{"id": "d8USIZvTTqee35l34anRBg", "cuisine_type": "italian"}
{"index": {"_index": "restindex", "_id": "mYQMjrtHp8vsEKKNsRz1XA"}}
{"id": "mYQMjrtHp8vsEKKNsRz1XA", "cuisine_type": "italian"}
{"index": {"_index": "restindex", "_id": "AWeQkgJ0uzNr5YxFr2Bx8g"}}
{"id": "AWeQkgJ0uzNr5YxFr2Bx8g", "cuisine_type": "italian"}
{"index": {"_index": "restindex", "_id": "uboO7T3XSnl8iq0uQWhMXA"}}
{"id": "uboO7T3XSnl8iq0uQWhMXA", "cuisine_type": "italian"}
{"index": {"_index": "restindex", "_id": "LUjq-_hs89D5N1UGcmKAQw"}}
{"id": "LUjq-_hs89D5N1UGcmKAQw", "cuisine_type": "italian"}
{"index": {"_index": "restindex", "_id": "jT_MoIPo-zcg0YuPKO45eA"}}
{"id": "jT_MoIPo-zcg0YuPKO45eA", "cuisine_type": "italian"}
{"index": {"_index": "restindex", "_id": "wvn-FO-tY9_iWmA_OgMvEA"}}
{"id": "wvn-FO-tY9_iWmA_OgMvEA", "cuisine_type": "italian"}
{"index": {"_index": "restindex", "_id": "0Tvwk0hvgaY0QVIsZGTZKQ"}}
{"id": "0Tvwk0hvgaY0QVIsZGTZKQ", "cuisine_type": "italian"}
{"index": {"_index": "restindex", "_id": "2_3W7NFFN3m4U_8ffgEuyQ"}}
{"id": "2_3W7NFFN3m4U_8ffgEuyQ", "cuisine_type": "italian"}
{"index": {"_index": "restindex", "_id": "TsYrzVVtkKO4Asrk_L9stw"}}
{"id": "TsYrzVVtkKO4Asrk_L9stw", "cuisine_type": "italian"}
{"index": {"_index": "restindex", "_id": "25npnVAlhRjguunYS8zy8w"}}
{"id": "25npnVAlhRjguunYS8zy8w", "cuisine_type": "italian"}
{"index": {"_index": "restindex", "_id": "zDujEq9qZk13nBcG2PH4tA"}}
{"id": "zDujEq9qZk13nBcG2PH4tA", "cuisine_type": "italian"}
{"index": {"_index": "restindex", "_id": "h37t9rA06Sr4EetJjKrfzw"}}
{"id": "h37t9rA06Sr4EetJjKrfzw", "cuisine_type": "italian"}
{"index": {"_index": "restindex", "_id": "BQSPAXJcPw-7Gt2CCrH2Yw"}}
{"id": "BQSPAXJcPw-7Gt2CCrH2Yw", "cuisine_type": "italian"}
{"index": {"_index": "restindex", "_id": "Da9aNH6kW3fv4mTzqx3yPw"}}
{"id": "Da9aNH6kW3fv4mTzqx3yPw", "cuisine_type": "italian"}
{"index": {"_index": "restindex", "_id": "vzDb6_Zkm4m8O7tNidojjA"}}
{"id": "vzDb6_Zkm4m8O7tNidojjA", "cuisine_type": "italian"}
{"index": {"_index": "restindex", "_id": "_V7YsDQ4Lb41rqfkuPzm1w"}}
{"id": "_V7YsDQ4Lb41rqfkuPzm1w", "cuisine_type": "italian"}
{"index": {"_index": "restindex", "_id": "jRQeYlGHXgcnrB8R86TKDQ"}}
{"id": "jRQeYlGHXgcnrB8R86TKDQ", "cuisine_type": "italian"}
{"index": {"_index": "restindex", "_id": "5Ucd5yN_VFlMkhG3QYV2Ng"}}
{"id": "5Ucd5yN_VFlMkhG3QYV2Ng", "cuisine_type": "italian"}
{"index": {"_index": "restindex", "_id": "qz0eIwvXkVTRAyGjJZpOFg"}}
{"id": "qz0eIwvXkVTRAyGjJZpOFg", "cuisine_type": "italian"}
{"index": {"_index": "restindex", "_id": "fuS39acPaRi38DhSSwEI4Q"}}
{"id": "fuS39acPaRi38DhSSwEI4Q", "cuisine_type": "italian"}
{"index": {"_index": "restindex", "_id": "wZkZmjZEJDraLJgAalnHvA"}}
{"id": "wZkZmjZEJDraLJgAalnHvA", "cuisine_type": "italian"}
{"index": {"_index": "restindex", "_id": "kN0PvlrcjzEe57lp5Js6kw"}}
{"id": "kN0PvlrcjzEe57lp5Js6kw", "cuisine_type": "italian"}
{"index": {"_index": "restindex", "_id": "OkfqS1xsv26xa7siRZZqbw"}}
{"id": "OkfqS1xsv26xa7siRZZqbw", "cuisine_type": "italian"}
{"index": {"_index": "restindex", "_id": "eVk4F9ixl89zyUHJ1G2Aiw"}}
{"id": "eVk4F9ixl89zyUHJ1G2Aiw", "cuisine_type": "italian"}
{"index": {"_index": "restindex", "_id": "YqHszHxkqaC6azgrOsRO1Q"}}
{"id": "YqHszHxkqaC6azgrOsRO1Q", "cuisine_type": "italian"}
{"index": {"_index": "restindex", "_id": "zo4JHfD2nWPUiqgsgDOaHQ"}}
{"id": "zo4JHfD2nWPUiqgsgDOaHQ", "cuisine_type": "italian"}
{"index": {"_index": "restindex", "_id": "CFR-HzVHKWRMpMAR3LAhzg"}}
{"id": "CFR-HzVHKWRMpMAR3LAhzg", "cuisine_type": "italian"}
{"index": {"_index": "restindex", "_id": "o5mMVFk4Hcpk2FuKfgTgdg"}}
{"id": "o5mMVFk4Hcpk2FuKfgTgdg", "cuisine_type": "italian"}
{"index": {"_index": "restindex", "_id": "jnHbdsqlTKlPcmJ8BCP9-g"}}
{"id": "jnHbdsqlTKlPcmJ8BCP9-g", "cuisine_type": "italian"}
{"index": {"_index": "restindex", "_id": "wLzJbddDixAEZrF7VT6_hw"}}
{"id": "wLzJbddDixAEZrF7VT6_hw", "cuisine_type": "italian"}
{"index": {"_index": "restindex", "_id": "md4VUyUd1WW3MnnUQoZZeg"}}
{"id": "md4VUyUd1WW3MnnUQoZZeg", "cuisine_type": "italian"}
{"index": {"_index": "restindex", "_id": "y9y6V8va7yt_TUnoO68z0w"}}
{"id": "y9y6V8va7yt_TUnoO68z0w", "cuisine_type": "italian"}
{"index": {"_index": "restindex", "_id": "gkoAJruMnKVuoKVqorgFCA"}}
{"id": "gkoAJruMnKVuoKVqorgFCA", "cuisine_type": "italian"}
{"index": {"_index": "restindex", "_id": "6eqrk1wCQMww_ejze5gvsg"}}
{"id": "6eqrk1wCQMww_ejze5gvsg", "cuisine_type": "italian"}
{"index": {"_index": "restindex", "_id": "gkoAJruMnKVuoKVqorgFCA"}}
{"id": "gkoAJruMnKVuoKVqorgFCA", "cuisine_type": "italian"}
{"index": {"_index": "restindex", "_id": "6eqrk1wCQMww_ejze5gvsg"}}
{"id": "6eqrk1wCQMww_ejze5gvsg", "cuisine_type": "italian"}
